FLWS, https://logo.clearbit.com/1800flowers.com
PIH, https://logo.clearbit.com/1347pih.com
FCCY, https://logo.clearbit.com/1stconstitution.com
SRCE, https://logo.clearbit.com/1stsource.com
VNET, https://logo.clearbit.com/21vianet.com
TWOU, https://logo.clearbit.com/2u.com
ACMR, https://logo.clearbit.com/acmrcsh.com
AMRK, https://logo.clearbit.com/amark.com
ABMD, https://logo.clearbit.com/abiomed.com
ACIU, https://logo.clearbit.com/acimmune.com
ACIW, https://logo.clearbit.com/aciworldwide.com
ACNB, https://logo.clearbit.com/acnb.com
ADTN, https://logo.clearbit.com/adtran.com
AGNCP, https://logo.clearbit.com/agnc.com
AGNC, https://logo.clearbit.com/agnc.com
ALJJ, https://logo.clearbit.com/aljregionalholdings.com
AMAG, https://logo.clearbit.com/amagpharma.com
AMCX, https://logo.clearbit.com/amcnetworks.com
UHAL, https://logo.clearbit.com/amerco.com
ANIP, https://logo.clearbit.com/anipharmaceuticals.com
ANSS, https://logo.clearbit.com/ansys.com
ATNI, https://logo.clearbit.com/atni.com
AVEO, https://logo.clearbit.com/aveooncology.com
ABEO, https://logo.clearbit.com/abeonatherapeutics.com
ACTG, https://logo.clearbit.com/acaciaresearch.com
ACHC, https://logo.clearbit.com/acadiahealthcare.com
XLRN, https://logo.clearbit.com/acceleronpharma.com
OILD, 'None'
OILU, 'None'
ARAY, https://logo.clearbit.com/accuray.com
ACRX, https://logo.clearbit.com/acelrx.com
ACET, 'None'
ACRS, https://logo.clearbit.com/aclaristx.com
ACOR, https://logo.clearbit.com/acorda.com
ATVI, https://logo.clearbit.com/activisionblizzard.com
ADMS, https://logo.clearbit.com/adamaspharma.com
ADUS, https://logo.clearbit.com/addus.com
IOTS, 'None'
ADBE, https://logo.clearbit.com/adobe.com
ADRO, https://logo.clearbit.com/aduro.com
AEIS, https://logo.clearbit.com/advancedenergy.com
AMD, https://logo.clearbit.com/amd.com
ADVM, https://logo.clearbit.com/adverum.com
AGLE, https://logo.clearbit.com/aegleabio.com
AEHR, https://logo.clearbit.com/aehr.com
AERI, https://logo.clearbit.com/aeriepharma.com
AVAV, https://logo.clearbit.com/avinc.com
AFMD, https://logo.clearbit.com/affimed.com
UAVS, https://logo.clearbit.com/ageagle.com
AGRX, https://logo.clearbit.com/agiletherapeutics.com
AGYS, https://logo.clearbit.com/agilysys.com
AGIO, https://logo.clearbit.com/agios.com
AGFS, https://logo.clearbit.com/agrofresh.com
AIMT, https://logo.clearbit.com/aimmune.com
AIRT, https://logo.clearbit.com/airt.net
AIRG, https://logo.clearbit.com/airgain.com
AKAM, https://logo.clearbit.com/akamai.com
AKTX, https://logo.clearbit.com/akaritx.com
AKBA, https://logo.clearbit.com/akebia.com
AKRX, 'None'
AKTS, https://logo.clearbit.com/akoustis.com
ALRM, https://logo.clearbit.com/alarm.com
ALSK, https://logo.clearbit.com/alaskacommunications.com
ALBO, https://logo.clearbit.com/albireopharma.com
ABDC, 'None'
ALDX, https://logo.clearbit.com/aldeyra.com
ALXN, https://logo.clearbit.com/alexion.com
ALCO, https://logo.clearbit.com/alicoinc.com
ALKS, https://logo.clearbit.com/alkermes.com
ABTX, https://logo.clearbit.com/allegiancebank.com
ALGT, https://logo.clearbit.com/allegiantair.com
AIQ, 'None'
ARLP, https://logo.clearbit.com/arlp.com
MDRX, https://logo.clearbit.com/allscripts.com
ALNY, https://logo.clearbit.com/alnylam.com
AOSL, https://logo.clearbit.com/aosmd.com
GOOG, https://logo.clearbit.com/abc.xyz
ALTR, https://logo.clearbit.com/altair.com
ASPS, https://logo.clearbit.com/altisource.com
AMZN, https://logo.clearbit.com/amazon.com
AMBC, https://logo.clearbit.com/ambac.com
AMBA, https://logo.clearbit.com/ambarella.com
DOX, https://logo.clearbit.com/amdocs.com
AMED, https://logo.clearbit.com/amedisys.com
ASRV, https://logo.clearbit.com/ameriserv.com
CRMT, https://logo.clearbit.com/car-mart.com
AAL, https://logo.clearbit.com/aa.com
AMNB, https://logo.clearbit.com/amnb.com
APEI, https://logo.clearbit.com/apei.com
ARCT, https://logo.clearbit.com/arcturusrx.com
AMRB, https://logo.clearbit.com/americanriverbank.com
AMSWA, https://logo.clearbit.com/amsoftware.com
AMWD, https://logo.clearbit.com/americanwoodmark.com
AMSF, https://logo.clearbit.com/amerisafe.com
ATLO, https://logo.clearbit.com/amesnational.com
AMGN, https://logo.clearbit.com/amgen.com
FOLD, https://logo.clearbit.com/amicusrx.com
AMKR, https://logo.clearbit.com/amkor.com
AMPH, https://logo.clearbit.com/amphastar.com
ANAB, https://logo.clearbit.com/anaptysbio.com
ANDE, https://logo.clearbit.com/andersonsinc.com
ANDAU, 'None'
ANDA, 'None'
ANGI, https://logo.clearbit.com/angihomeservices.com
ANIK, https://logo.clearbit.com/anikatherapeutics.com
ATRS, https://logo.clearbit.com/antarespharma.com
APOG, https://logo.clearbit.com/apog.com
APEN, https://logo.clearbit.com/apolloendo.com
APPF, https://logo.clearbit.com/appfolioinc.com
APPN, https://logo.clearbit.com/appian.com
AAPL, https://logo.clearbit.com/apple.com
AGTC, https://logo.clearbit.com/agtc.com
AMAT, https://logo.clearbit.com/appliedmaterials.com
AQMS, https://logo.clearbit.com/aquametals.com
AQB, https://logo.clearbit.com/aquabounty.com
ARQL, 'None'
ABUS, https://logo.clearbit.com/arbutusbio.com
ARCB, https://logo.clearbit.com/arcb.com
ACGLP, https://logo.clearbit.com/archcapgroup.com
ARDX, https://logo.clearbit.com/ardelyx.com
ARCC, https://logo.clearbit.com/arescapitalcorp.com
ARKR, https://logo.clearbit.com/arkrestaurants.com
ARTX, 'None'
AROW, https://logo.clearbit.com/arrowfinancial.com
DWAT, 'None'
ARTW, https://logo.clearbit.com/artsway-mfg.com
PUMP, https://logo.clearbit.com/propetroservices.com
APWC, https://logo.clearbit.com/apwcc.com
ASFI, https://logo.clearbit.com/astafunding.com
ASTE, https://logo.clearbit.com/astecindustries.com
ALOT, https://logo.clearbit.com/astronovainc.com
ATRO, https://logo.clearbit.com/astronics.com
ASUR, https://logo.clearbit.com/asuresoftware.com
ATRA, https://logo.clearbit.com/atarabio.com
ATNX, https://logo.clearbit.com/athenex.com
ATHX, https://logo.clearbit.com/athersys.com
AAME, https://logo.clearbit.com/atlam.com
ATLC, https://logo.clearbit.com/atlanticus.com
AAWW, https://logo.clearbit.com/atlasair.com
TEAM, https://logo.clearbit.com/atlassian.com
ATOM, https://logo.clearbit.com/atomera.com
ATRC, https://logo.clearbit.com/atricure.com
AUBN, https://logo.clearbit.com/auburnbank.com
BOLD, 'None'
AUDC, https://logo.clearbit.com/audiocodes.com
AUPH, https://logo.clearbit.com/auriniapharma.com
ADSK, https://logo.clearbit.com/autodesk.com
ADP, https://logo.clearbit.com/adp.com
AVDL, https://logo.clearbit.com/avadel.com
AVID, https://logo.clearbit.com/avid.com
CAR, https://logo.clearbit.com/avisbudgetgroup.com
AWRE, https://logo.clearbit.com/aware.com
AXGN, https://logo.clearbit.com/axogeninc.com
AAXN, https://logo.clearbit.com/axon.com
AZRX, https://logo.clearbit.com/azurrx.com
BCOM, https://logo.clearbit.com/bcommunications.co.il
RILY, https://logo.clearbit.com/brileyfin.com
BCBP, https://logo.clearbit.com/bcb.bank
TECH, https://logo.clearbit.com/bio-techne.com
BJRI, https://logo.clearbit.com/bjsrestaurants.com
ADRA, 'None'
ADRD, 'None'
ADRE, 'None'
ADRU, 'None'
BMCH, https://logo.clearbit.com/buildwithbmc.com
BOKF, https://logo.clearbit.com/investor.bokf.com
BIDU, https://logo.clearbit.com/baidu.com
BCPC, https://logo.clearbit.com/balchem.com
BLDP, https://logo.clearbit.com/ballard.com
BOCH, https://logo.clearbit.com/bankofcommerceholdings.com
BMRC, https://logo.clearbit.com/bankofmarin.com
BFIN, https://logo.clearbit.com/bankfinancial.com
BZUN, https://logo.clearbit.com/baozun.com
DTYL, 'None'
DTYS, 'None'
DTUL, 'None'
DTUS, 'None'
DFVL, 'None'
DFVS, 'None'
DLBS, 'None'
STPP, 'None'
BBSI, https://logo.clearbit.com/mybbsi.com
BSET, https://logo.clearbit.com/bassettfurniture.com
BV, https://logo.clearbit.com/brightview.com
BECN, https://logo.clearbit.com/becn.com
BBGI, https://logo.clearbit.com/bbgi.com
BBBY, https://logo.clearbit.com/bedbathandbeyond.com
BGNE, https://logo.clearbit.com/beigene.com
BELFB, https://logo.clearbit.com/belfuse.com
BELFA, https://logo.clearbit.com/belfuse.com
BNFT, https://logo.clearbit.com/benefitfocus.com
BYSI, https://logo.clearbit.com/beyondspringpharma.com
BGFV, https://logo.clearbit.com/big5sportinggoods.com
BCRX, https://logo.clearbit.com/biocryst.com
BDSI, https://logo.clearbit.com/bdsi.com
BMRN, https://logo.clearbit.com/biomarin.com
BBC, 'None'
BSTC, https://logo.clearbit.com/biospecifics.com
BEAT, https://logo.clearbit.com/gobio.com
BASI, https://logo.clearbit.com/basinc.com
BIIB, https://logo.clearbit.com/biogen.com
BVXV, https://logo.clearbit.com/biondvax.com
BKCC, https://logo.clearbit.com/blackrockbkcc.com
BLMN, https://logo.clearbit.com/bloominbrands.com
BCOR, https://logo.clearbit.com/blucora.com
ITEQ, 'None'
BKEP, https://logo.clearbit.com/bkep.com
BKEPP, https://logo.clearbit.com/bkep.com
BPMC, https://logo.clearbit.com/blueprintmedicines.com
WIFI, https://logo.clearbit.com/boingo.com
BPFH, https://logo.clearbit.com/bostonprivate.com
EPAY, https://logo.clearbit.com/bottomline.com
BOXL, https://logo.clearbit.com/investors.boxlight.com
BDGE, https://logo.clearbit.com/bnbbank.com
BRID, https://logo.clearbit.com/bridgford.com
BCOV, https://logo.clearbit.com/brightcove.com
AVGO, https://logo.clearbit.com/broadcom.com
BYFC, https://logo.clearbit.com/broadwayfederalbank.com
BRKS, https://logo.clearbit.com/brooks.com
BRKR, https://logo.clearbit.com/bruker.com
BMTC, https://logo.clearbit.com/bmt.com
BLDR, https://logo.clearbit.com/bldr.com
CFFI, https://logo.clearbit.com/cffc.com
CASI, https://logo.clearbit.com/casipharmaceuticals.com
CBFV, https://logo.clearbit.com/communitybank.tv
CBOE, https://logo.clearbit.com/cboe.com
CDK, https://logo.clearbit.com/cdkglobal.com
CEVA, https://logo.clearbit.com/ceva-dsp.com
CHSCN, https://logo.clearbit.com/chsinc.com
CHSCO, https://logo.clearbit.com/chsinc.com
CHSCM, https://logo.clearbit.com/chsinc.com
CHSCL, https://logo.clearbit.com/chsinc.com
CLIR, https://logo.clearbit.com/clearsign.com
CME, https://logo.clearbit.com/cmegroup.com
CCNE, https://logo.clearbit.com/cnbbank.bank
CNMD, https://logo.clearbit.com/conmed.com
CPSH, https://logo.clearbit.com/alsic.com
CRAI, https://logo.clearbit.com/crai.com
CSGS, https://logo.clearbit.com/csgi.com
CCLP, https://logo.clearbit.com/csicompressco.com
CSPI, https://logo.clearbit.com/cspi.com
CSWI, https://logo.clearbit.com/cswindustrials.com
CSX, https://logo.clearbit.com/csx.com
CVBF, https://logo.clearbit.com/cbbank.com
CVV, https://logo.clearbit.com/cvdequipment.com
CCMP, https://logo.clearbit.com/cabotcmp.com
CDNS, https://logo.clearbit.com/cadence.com
CZR, https://logo.clearbit.com/caesars.com
CSTE, https://logo.clearbit.com/caesarstone.com
CAMP, https://logo.clearbit.com/calamp.com
CHY, https://logo.clearbit.com/fundinvestor.calamos.com
CCD, https://logo.clearbit.com/calamos.com
CHW, https://logo.clearbit.com/calamos.com
CVGW, https://logo.clearbit.com/calavo.com
CALA, https://logo.clearbit.com/calithera.com
CAC, https://logo.clearbit.com/camdennational.com
CAMT, https://logo.clearbit.com/camtek.com
CSIQ, https://logo.clearbit.com/canadiansolar.com
CCBG, https://logo.clearbit.com/ccbg.com
CSWC, https://logo.clearbit.com/capitalsouthwest.com
CPTA, https://logo.clearbit.com/capitalagroup.com
CFFN, https://logo.clearbit.com/capfed.com
CSTR, https://logo.clearbit.com/capstarbank.com
CARA, https://logo.clearbit.com/caratherapeutics.com
CSII, https://logo.clearbit.com/csi360.com
CATM, https://logo.clearbit.com/cardtronics.com
CDNA, https://logo.clearbit.com/caredx.com
CRZO, 'None'
TAST, https://logo.clearbit.com/carrols.com
CWST, https://logo.clearbit.com/casella.com
CASY, https://logo.clearbit.com/caseys.com
CATY, https://logo.clearbit.com/cathaygeneralbancorp.com
CVCO, https://logo.clearbit.com/cavco.com
CLLS, https://logo.clearbit.com/cellectis.com
CBMG, https://logo.clearbit.com/cellbiomedgroup.com
CDEV, https://logo.clearbit.com/cdevinc.com
CSFL, 'None'
CENTA, https://logo.clearbit.com/central.com
CENT, https://logo.clearbit.com/central.com
CVCY, https://logo.clearbit.com/cvcb.com
CENX, https://logo.clearbit.com/centuryaluminum.com
CNBKA, https://logo.clearbit.com/centurybank.com
CRNT, https://logo.clearbit.com/ceragon.com
CERC, https://logo.clearbit.com/cerecor.com
CERN, https://logo.clearbit.com/cerner.com
CERS, https://logo.clearbit.com/cerus.com
CYOU, 'None'
CTHR, https://logo.clearbit.com/charlesandcolvard.com
GTLS, https://logo.clearbit.com/chartindustries.com
CHTR, https://logo.clearbit.com/corporate.charter.com
CAKE, https://logo.clearbit.com/thecheesecakefactory.com
CHEF, https://logo.clearbit.com/chefswarehouse.com
CCXI, https://logo.clearbit.com/chemocentryx.com
CHMG, https://logo.clearbit.com/chemungcanal.com
CHMA, https://logo.clearbit.com/chiasmapharma.com
CBNK, https://logo.clearbit.com/capitalbankmd.com
PLCE, https://logo.clearbit.com/childrensplace.com
CMRX, https://logo.clearbit.com/chimerix.com
CAAS, https://logo.clearbit.com/caasauto.com
CBPO, https://logo.clearbit.com/chinabiologic.com
CCRC, https://logo.clearbit.com/ccrc.com
CXDC, https://logo.clearbit.com/chinaxd.net
NEXT, https://logo.clearbit.com/next-decade.com
CHDN, https://logo.clearbit.com/churchilldownsincorporated.com
CHUY, https://logo.clearbit.com/chuys.com
CDTX, https://logo.clearbit.com/cidara.com
CMPR, https://logo.clearbit.com/cimpress.com
CINF, https://logo.clearbit.com/cinfin.com
CTAS, https://logo.clearbit.com/cintas.com
CTRN, https://logo.clearbit.com/cititrends.com
CZNC, https://logo.clearbit.com/cnbankpa.com
CZWI, https://logo.clearbit.com/ccf.us
CTXS, https://logo.clearbit.com/citrix.com
CHCO, https://logo.clearbit.com/bankatcity.com
CIVB, https://logo.clearbit.com/civb.com
CLNE, https://logo.clearbit.com/cleanenergyfuels.com
CACG, 'None'
YLDE, 'None'
LRGE, 'None'
CLSD, https://logo.clearbit.com/clearsidebio.com
CLVS, https://logo.clearbit.com/clovisoncology.com
CSGP, https://logo.clearbit.com/costargroup.com
COKE, https://logo.clearbit.com/cokeconsolidated.com
CDXS, https://logo.clearbit.com/codexis.com
CVLY, https://logo.clearbit.com/peoplesbanknet.com
JVA, https://logo.clearbit.com/coffeeholding.com
CGNX, https://logo.clearbit.com/cognex.com
CTSH, https://logo.clearbit.com/cognizant.com
COHR, https://logo.clearbit.com/coherent.com
CHRS, https://logo.clearbit.com/coherus.com
COHU, https://logo.clearbit.com/cohu.com
COLL, https://logo.clearbit.com/collegiumpharma.com
CIGI, https://logo.clearbit.com/colliers.com
CBAN, https://logo.clearbit.com/colonybank.com
COLB, https://logo.clearbit.com/columbiabank.com
COLM, https://logo.clearbit.com/columbia.com
CMCO, https://logo.clearbit.com/cmworks.com
CVLT, https://logo.clearbit.com/commvault.com
CBSH, https://logo.clearbit.com/commercebank.com
CBSHP, https://logo.clearbit.com/commercebank.com
CVGI, https://logo.clearbit.com/cvgrp.com
COMM, https://logo.clearbit.com/commscope.com
JCS, https://logo.clearbit.com/commsystems.com
ESXB, https://logo.clearbit.com/cbtrustcorp.com
TCFC, https://logo.clearbit.com/cbtc.com
CFBI, https://logo.clearbit.com/newtonfederal.com
CTBI, https://logo.clearbit.com/ctbi.com
CWBC, https://logo.clearbit.com/communitywest.com
CIZ, 'None'
CFA, 'None'
CSF, 'None'
CFO, 'None'
GNOM, 'None'
CGEN, https://logo.clearbit.com/cgen.com
CPSI, https://logo.clearbit.com/cpsi.com
CTG, https://logo.clearbit.com/ctg.com
CPWR, https://logo.clearbit.com/otecorporation.com
CCUR, https://logo.clearbit.com/ccurholdings.com
CFMS, https://logo.clearbit.com/conformis.com
CNFR, https://logo.clearbit.com/cnfrh.com
CONN, https://logo.clearbit.com/conns.com
CPSS, https://logo.clearbit.com/consumerportfolio.com
CPAAU, 'None'
CPAA, 'None'
CPRT, https://logo.clearbit.com/copart.com
CRVL, https://logo.clearbit.com/corvel.com
CRBP, https://logo.clearbit.com/corbuspharma.com
CORT, https://logo.clearbit.com/corcept.com
CORE, https://logo.clearbit.com/core-mark.com
CSOD, https://logo.clearbit.com/cornerstoneondemand.com
CRVS, https://logo.clearbit.com/corvuspharma.com
COST, https://logo.clearbit.com/costco.com
ICBK, https://logo.clearbit.com/investorscommunitybank.com
COUP, https://logo.clearbit.com/coupa.com
CVTI, https://logo.clearbit.com/covenanttransport.com
BREW, https://logo.clearbit.com/craftbrew.com
CACC, https://logo.clearbit.com/creditacceptance.com
GLDI, 'None'
SLVO, 'None'
DGLD, 'None'
DSLV, 'None'
UGLD, 'None'
USLV, 'None'
TVIX, 'None'
ZIV, 'None'
VIIX, 'None'
CREE, https://logo.clearbit.com/cree.com
CRESY, https://logo.clearbit.com/cresud.com.ar
CRSP, https://logo.clearbit.com/crisprtx.com
CRTO, https://logo.clearbit.com/criteo.com
CROX, https://logo.clearbit.com/crocs.com
CCRN, https://logo.clearbit.com/crosscountryhealthcare.com
CRWS, https://logo.clearbit.com/crowncrafts.com
CPIX, https://logo.clearbit.com/cumberlandpharma.com
CMLS, https://logo.clearbit.com/cumulusmedia.com
CYBE, https://logo.clearbit.com/cyberoptics.com
CYBR, https://logo.clearbit.com/cyberark.com
CBAY, https://logo.clearbit.com/cymabay.com
CY, 'None'
CONE, https://logo.clearbit.com/cyrusone.com
CTMX, https://logo.clearbit.com/cytomx.com
DBVT, https://logo.clearbit.com/dbv-technologies.com
DISH, https://logo.clearbit.com/dish.com
DLHC, https://logo.clearbit.com/dlhcorp.com
DSPG, https://logo.clearbit.com/dspg.com
DRRX, https://logo.clearbit.com/durect.com
DJCO, https://logo.clearbit.com/dailyjournal.com
DAKT, https://logo.clearbit.com/daktronics.com
DSKE, https://logo.clearbit.com/belmonttrucking.com
HCACU, https://logo.clearbit.com/hennessycapllc.com
DAIO, https://logo.clearbit.com/dataio.com
PLAY, https://logo.clearbit.com/ir.daveandbusters.com
DTEA, https://logo.clearbit.com/davidstea.com
DFNL, 'None'
DUSA, 'None'
DWLD, 'None'
DWSN, https://logo.clearbit.com/dawson3d.com
TACO, https://logo.clearbit.com/deltaco.com
DELL, https://logo.clearbit.com/delltechnologies.com
DERM, 'None'
DSGX, https://logo.clearbit.com/descartes.com
DSWL, https://logo.clearbit.com/deswell.com
DXCM, https://logo.clearbit.com/dexcom.com
FANG, https://logo.clearbit.com/diamondbackenergy.com
DRNA, https://logo.clearbit.com/dicerna.com
DGII, https://logo.clearbit.com/digi.com
DMRC, https://logo.clearbit.com/digimarc.com
DRIV, 'None'
APPS, https://logo.clearbit.com/digitalturbine.com
DCOM, https://logo.clearbit.com/dime.com
DIOD, https://logo.clearbit.com/diodes.com
DISCB, https://logo.clearbit.com/corporate.discovery.com
DISCK, https://logo.clearbit.com/corporate.discovery.com
DISCA, https://logo.clearbit.com/corporate.discovery.com
SAUC, 'None'
DXYN, https://logo.clearbit.com/thedixiegroup.com
BOOM, https://logo.clearbit.com/dmcglobal.com
DLTR, https://logo.clearbit.com/dollartree.com
DGICA, https://logo.clearbit.com/donegalgroup.com
DMLP, https://logo.clearbit.com/dmlp.net
DORM, https://logo.clearbit.com/dormanproducts.com
DLTH, https://logo.clearbit.com/duluthtrading.com
DNKN, https://logo.clearbit.com/dunkinbrands.com
NDRA, https://logo.clearbit.com/endrainc.com
ENG, https://logo.clearbit.com/englobal.com
ESSA, https://logo.clearbit.com/ir.essabank.com
VBND, 'None'
VALX, 'None'
ZMLP, 'None'
DAX, 'None'
EZPW, https://logo.clearbit.com/ezcorp.com
EBMT, https://logo.clearbit.com/opportunitybank.com
EGBN, https://logo.clearbit.com/eaglebankcorp.com
EGRX, https://logo.clearbit.com/eagleus.com
EWBC, https://logo.clearbit.com/eastwestbank.com
EML, https://logo.clearbit.com/easterncompany.com
EVGBC, 'None'
EVSTC, 'None'
EVLMC, 'None'
ECHO, https://logo.clearbit.com/echo.com
SATS, https://logo.clearbit.com/echostar.com
EDAP, https://logo.clearbit.com/edap-tms.com
EDIT, https://logo.clearbit.com/editasmedicine.com
EDUC, https://logo.clearbit.com/edcpub.com
EIGR, https://logo.clearbit.com/eigerbio.com
LOCO, https://logo.clearbit.com/elpolloloco.com
ESLT, https://logo.clearbit.com/elbitsystems.com
ERI, https://logo.clearbit.com/eldoradoresorts.com
ELSE, https://logo.clearbit.com/electro-sensors.com
EA, https://logo.clearbit.com/ea.com
ESBK, https://logo.clearbit.com/elmirasavingsbank.com
EMCF, https://logo.clearbit.com/emclairefinancial.com
ENTA, https://logo.clearbit.com/enanta.com
ECPG, https://logo.clearbit.com/encorecapital.com
WIRE, https://logo.clearbit.com/encorewire.com
ENDP, https://logo.clearbit.com/endo.com
STIM, https://logo.clearbit.com/neurostar.com
EIGI, https://logo.clearbit.com/endurance.com
WATT, https://logo.clearbit.com/energous.com
ERII, https://logo.clearbit.com/energyrecovery.com
ENPH, https://logo.clearbit.com/enphase.com
ESGR, https://logo.clearbit.com/enstargroup.com
ENTG, https://logo.clearbit.com/entegris.com
EBTC, https://logo.clearbit.com/enterprisebanking.com
ENTR, 'None'
EPZM, https://logo.clearbit.com/epizyme.com
EQIX, https://logo.clearbit.com/equinix.com
EQBK, https://logo.clearbit.com/equitybank.com
ERIE, https://logo.clearbit.com/erieinsurance.com
ESCA, https://logo.clearbit.com/escaladeinc.com
ESPR, https://logo.clearbit.com/esperion.com
ETSY, https://logo.clearbit.com/etsy.com
EEFT, https://logo.clearbit.com/euronetworldwide.com
EVBG, https://logo.clearbit.com/everbridge.com
MRAM, https://logo.clearbit.com/everspin.com
EVGN, https://logo.clearbit.com/evogene.com
EVOK, https://logo.clearbit.com/evokepharma.com
XONE, https://logo.clearbit.com/exone.com
FLAG, 'None'
ROBO, 'None'
EXEL, https://logo.clearbit.com/exelixis.com
EXLS, https://logo.clearbit.com/exlservice.com
EXPD, https://logo.clearbit.com/expeditors.com
EXPO, https://logo.clearbit.com/exponent.com
XOG, 'None'
EXTR, https://logo.clearbit.com/extremenetworks.com
FFIV, https://logo.clearbit.com/f5.com
FARO, https://logo.clearbit.com/faro.com
FFNW, https://logo.clearbit.com/ffnwb.com
FLIR, https://logo.clearbit.com/flir.com
FRPH, https://logo.clearbit.com/frpholdings.com
FSBW, https://logo.clearbit.com/fsbwa.com
FSBC, 'None'
FB, https://logo.clearbit.com/investor.fb.com
FARM, https://logo.clearbit.com/farmerbros.com
FMAO, https://logo.clearbit.com/fm.bank
FMNB, https://logo.clearbit.com/farmersbankgroup.com
FAST, https://logo.clearbit.com/fastenal.com
FATE, https://logo.clearbit.com/fatetherapeutics.com
FBSS, https://logo.clearbit.com/tfb.bank
GSM, https://logo.clearbit.com/ferroglobe.com
FGEN, https://logo.clearbit.com/fibrogen.com
ONEQ, 'None'
FDUS, https://logo.clearbit.com/fdus.com
FRGI, https://logo.clearbit.com/frgi.com
FSAM, https://logo.clearbit.com/fifthstreetfinance.com
FITB, https://logo.clearbit.com/53.com
FITBI, https://logo.clearbit.com/53.com
FITBP, https://logo.clearbit.com/53.com
FEYE, https://logo.clearbit.com/fireeye.com
FBNC, https://logo.clearbit.com/localfirstbank.com
FNLC, https://logo.clearbit.com/thefirst.com
FBMS, https://logo.clearbit.com/thefirstbank.com
FRBA, https://logo.clearbit.com/firstbanknj.com
FBIZ, https://logo.clearbit.com/firstbusiness.com
FCAL, 'None'
FCAP, https://logo.clearbit.com/firstharrison.com
FCNCA, https://logo.clearbit.com/firstcitizens.com
FCBC, https://logo.clearbit.com/firstcommunitybank.com
FCCO, https://logo.clearbit.com/firstcommunitysc.com
FFBC, https://logo.clearbit.com/bankatfirst.com
FFIN, https://logo.clearbit.com/ffin.com
THFF, https://logo.clearbit.com/first-online.com
FFWM, https://logo.clearbit.com/firstfoundationinc.com
FHB, https://logo.clearbit.com/fhb.com
INBK, https://logo.clearbit.com/firstinternetbancorp.com
FIBK, https://logo.clearbit.com/FIBK.com
FRME, https://logo.clearbit.com/firstmerchants.com
FMBH, https://logo.clearbit.com/firstmid.com
FMBI, https://logo.clearbit.com/firstmidwest.com
FNWB, https://logo.clearbit.com/ourfirstfed.com
FSFG, https://logo.clearbit.com/fsbbank.net
FSLR, https://logo.clearbit.com/firstsolar.com
BICK, 'None'
FCEF, 'None'
FVC, 'None'
FEMB, 'None'
FEMS, 'None'
FEP, 'None'
FBZ, 'None'
FCA, 'None'
FPA, 'None'
FEM, 'None'
FDT, 'None'
FDTS, 'None'
FSZ, 'None'
FHK, 'None'
FKO, 'None'
FCAN, 'None'
FEUZ, 'None'
FJP, 'None'
FLN, 'None'
FGM, 'None'
FKU, 'None'
TDIV, 'None'
MDIV, 'None'
FTHI, 'None'
FTLB, 'None'
FV, 'None'
AIRR, 'None'
IFV, 'None'
RDVY, 'None'
FYT, 'None'
FNY, 'None'
FYC, 'None'
FNK, 'None'
FMK, 'None'
CARZ, 'None'
SKYY, 'None'
FTSM, 'None'
HYLS, 'None'
FDIV, 'None'
FTSL, 'None'
FTGC, 'None'
FTAG, 'None'
FTRI, 'None'
FPXI, 'None'
FEX, 'None'
FTC, 'None'
FTA, 'None'
LMBS, 'None'
FNX, 'None'
FAD, 'None'
FAB, 'None'
MCEF, 'None'
QABA, 'None'
GRID, 'None'
QCLN, 'None'
CIBR, 'None'
FONE, 'None'
QQEW, 'None'
QQXT, 'None'
FTXO, 'None'
FTXG, 'None'
FTXN, 'None'
FTXH, 'None'
FTXD, 'None'
FTXL, 'None'
FTXR, 'None'
RFDI, 'None'
RFEM, 'None'
RFEU, 'None'
FCVT, 'None'
FYX, 'None'
FTCS, 'None'
FIXD, 'None'
FUSB, https://logo.clearbit.com/firstusbank.com
FUNC, https://logo.clearbit.com/mybank.com
FLIC, https://logo.clearbit.com/fnbli.com
SVVC, https://logo.clearbit.com/firsthandtvf.com
FISV, https://logo.clearbit.com/fiserv.com
FIVE, https://logo.clearbit.com/fivebelow.com
FIVN, https://logo.clearbit.com/five9.com
FLEX, https://logo.clearbit.com/flex.com
SKOR, 'None'
LKOR, 'None'
ASET, 'None'
ESGG, 'None'
ESG, 'None'
MBSD, 'None'
QLC, 'None'
FLOW, https://logo.clearbit.com/spxflow.com
FLDM, https://logo.clearbit.com/fluidigm.com
FFIC, https://logo.clearbit.com/flushingbank.com
FOMX, 'None'
FORM, https://logo.clearbit.com/formfactor.com
FORTY, https://logo.clearbit.com/formulasystems.com
FORR, https://logo.clearbit.com/forrester.com
FRTA, https://logo.clearbit.com/forterrabp.com
FTNT, https://logo.clearbit.com/fortinet.com
FMCIU, https://logo.clearbit.com/forummerger.com
FMCI, https://logo.clearbit.com/forummerger.com
FWRD, https://logo.clearbit.com/forwardair.com
FELE, https://logo.clearbit.com/franklin-electric.com
FEIM, https://logo.clearbit.com/freqelec.com
FRPT, https://logo.clearbit.com/freshpet.com
FTEK, https://logo.clearbit.com/ftek.com
SONO, https://logo.clearbit.com/sonos.com
FLL, https://logo.clearbit.com/fullhouseresorts.com
FULT, https://logo.clearbit.com/fult.com
FTFT, https://logo.clearbit.com/ftftex.com
GIII, https://logo.clearbit.com/giii.com
GTHX, https://logo.clearbit.com/g1therapeutics.com
GDS, https://logo.clearbit.com/gds-services.com
GSIT, https://logo.clearbit.com/gsitechnology.com
GTYH, https://logo.clearbit.com/gtytechnology.com
GWPH, https://logo.clearbit.com/gwpharm.com
GWGH, https://logo.clearbit.com/gwgh.com
GLPI, https://logo.clearbit.com/glpropinc.com
GARS, https://logo.clearbit.com/garrisoncapitalbdc.com
GEMP, 'None'
GNMK, https://logo.clearbit.com/genmarkdx.com
GENC, https://logo.clearbit.com/gencor.com
GFN, https://logo.clearbit.com/generalfinance.com
GNTX, https://logo.clearbit.com/gentex.com
GEOS, https://logo.clearbit.com/geospace.com
GERN, https://logo.clearbit.com/geron.com
ROCK, https://logo.clearbit.com/gibraltar1.com
GILD, https://logo.clearbit.com/gilead.com
GOOD, https://logo.clearbit.com/gladstonecommercial.com
GOODM, https://logo.clearbit.com/gladstonecommercial.com
GAIN, https://logo.clearbit.com/gladstoneinvestment.com
GAINM, https://logo.clearbit.com/gladstoneinvestment.com
LAND, https://logo.clearbit.com/gladstonefarms.com
LANDP, https://logo.clearbit.com/gladstonefarms.com
GLBZ, https://logo.clearbit.com/thebankofglenburnie.com
GBT, https://logo.clearbit.com/gbt.com
GBLI, https://logo.clearbit.com/global-indemnity.com
SELF, https://logo.clearbit.com/globalselfstorage.us
FINX, 'None'
BFIT, 'None'
SNSR, 'None'
LNGR, 'None'
EFAS, 'None'
MILN, 'None'
BOTZ, 'None'
CATH, 'None'
ALTY, 'None'
SRET, 'None'
YLCO, 'None'
GLUU, https://logo.clearbit.com/glu.com
GLYC, https://logo.clearbit.com/glycomimetics.com
GPRO, https://logo.clearbit.com/gopro.com
GOGO, https://logo.clearbit.com/gogoair.com
GLNG, https://logo.clearbit.com/golarlng.com
GMLP, https://logo.clearbit.com/golarlngpartners.com
GDEN, https://logo.clearbit.com/goldenent.com
GOLF, https://logo.clearbit.com/acushnetholdingscorp.com
GBDC, https://logo.clearbit.com/golubcapitalbdc.com
GT, https://logo.clearbit.com/goodyear.com
LOPE, https://logo.clearbit.com/gce.com
GECC, https://logo.clearbit.com/greatelmcc.com
GEC, https://logo.clearbit.com/greatelmcap.com
GSBC, https://logo.clearbit.com/greatsouthernbank.com
GRNB, 'None'
GPP, https://logo.clearbit.com/greenplainspartners.com
GCBC, https://logo.clearbit.com/thebankofgreenecounty.com
OMAB, https://logo.clearbit.com/oma.aero
GGAL, https://logo.clearbit.com/gfgsa.com
GNTY, https://logo.clearbit.com/gnty.com
HEES, https://logo.clearbit.com/he-equipment.com
HDS, https://logo.clearbit.com/hdsupply.com
HMNF, https://logo.clearbit.com/justcallhome.com
HMSY, https://logo.clearbit.com/investor.hms.com
HTGM, https://logo.clearbit.com/htgmolecular.com
HVBC, https://logo.clearbit.com/hvbancorp.com
HABT, 'None'
HLG, https://logo.clearbit.com/hailiangedu.com
HAIN, https://logo.clearbit.com/hain.com
HALO, https://logo.clearbit.com/halozyme.com
HLNE, https://logo.clearbit.com/hamiltonlane.com
HONE, https://logo.clearbit.com/harborone.com
HBIO, https://logo.clearbit.com/harvardbioscience.com
HCAP, https://logo.clearbit.com/harvestcapitalcredit.com
HAS, https://logo.clearbit.com/hasbro.com
HAYN, https://logo.clearbit.com/haynesintl.com
HSTM, https://logo.clearbit.com/healthstream.com
HCSG, https://logo.clearbit.com/hcsgcorp.com
HQY, https://logo.clearbit.com/healthequity.com
HTLD, https://logo.clearbit.com/heartlandexpress.com
HTLF, https://logo.clearbit.com/htlf.com
HEBT, https://logo.clearbit.com/hebrontechnology.com
HSII, https://logo.clearbit.com/heidrick.com
HMTV, https://logo.clearbit.com/hemispheretv.com
HNNA, https://logo.clearbit.com/hennessyadvisors.com
BLBD, https://logo.clearbit.com/blue-bird.com
HSIC, https://logo.clearbit.com/henryschein.com
HCCI, https://logo.clearbit.com/crystal-clean.com
MLHR, https://logo.clearbit.com/hermanmiller.com
CUBA, https://logo.clearbit.com/herzfeld.com
HIHO, https://logo.clearbit.com/highwayholdings.com
HIMX, https://logo.clearbit.com/himax.com.tw
HOLI, https://logo.clearbit.com/hollysys.com.sg
HOLX, https://logo.clearbit.com/hologic.com
HBCP, https://logo.clearbit.com/home24bank.com
HFBL, https://logo.clearbit.com/hfbla.com
HOME, https://logo.clearbit.com/athome.com
HMTA, 'None'
HTBI, https://logo.clearbit.com/htb.com
HOFT, https://logo.clearbit.com/hookerfurniture.com
HRZN, https://logo.clearbit.com/horizontechfinance.com
QYLD, 'None'
GRSHU, 'None'
HMHC, https://logo.clearbit.com/hmhco.com
HWCC, https://logo.clearbit.com/houwire.com
HBMD, https://logo.clearbit.com/howardbank.com
HUBG, https://logo.clearbit.com/hubgroup.com
HBAN, https://logo.clearbit.com/huntington.com
HBANO, https://logo.clearbit.com/huntington.com
HURC, https://logo.clearbit.com/hurco.com
HURN, https://logo.clearbit.com/huronconsultinggroup.com
HCM, https://logo.clearbit.com/chi-med.com
HBP, https://logo.clearbit.com/huttig.com
ICCH, https://logo.clearbit.com/ir.iccholdingsinc.com
ICFI, https://logo.clearbit.com/icf.com
ICLR, https://logo.clearbit.com/iconplc.com
ICUI, https://logo.clearbit.com/icumed.com
IDXX, https://logo.clearbit.com/idexx.com
IESC, https://logo.clearbit.com/ies-co.com
IROQ, https://logo.clearbit.com/iroquoisfed.com
INFO, https://logo.clearbit.com/ihsmarkit.com
IIVI, https://logo.clearbit.com/ii-vi.com
PI, https://logo.clearbit.com/impinj.com
IPGP, https://logo.clearbit.com/ipgphotonics.com
IRIX, https://logo.clearbit.com/iridex.com
ICHR, https://logo.clearbit.com/ichorsystems.com
ILMN, https://logo.clearbit.com/illumina.com
ISNS, https://logo.clearbit.com/imagesensing.com
IMMR, https://logo.clearbit.com/immersion.com
IMDZ, 'None'
IMGN, https://logo.clearbit.com/immunogen.com
IMMU, https://logo.clearbit.com/immunomedics.com
INCY, https://logo.clearbit.com/incyte.com
INDB, https://logo.clearbit.com/rocklandtrust.com
IBTX, https://logo.clearbit.com/independent-bank.com
INFN, https://logo.clearbit.com/infinera.com
INFI, https://logo.clearbit.com/infi.com
III, https://logo.clearbit.com/isg-one.com
INWK, https://logo.clearbit.com/inwk.com
IPHS, 'None'
IOSP, https://logo.clearbit.com/innospecinc.com
ISSC, https://logo.clearbit.com/innovative-ss.com
INGN, https://logo.clearbit.com/inogen.com
INOV, https://logo.clearbit.com/inovalon.com
INSG, https://logo.clearbit.com/inseego.com
NSIT, https://logo.clearbit.com/insight.com
ISIG, https://logo.clearbit.com/insigniasystems.com
PODD, https://logo.clearbit.com/insulet.com
NTEC, https://logo.clearbit.com/intecpharma.com
INMD, https://logo.clearbit.com/inmodemd.com
INTC, https://logo.clearbit.com/intel.com
NTLA, https://logo.clearbit.com/intelliatx.com
IPAR, https://logo.clearbit.com/interparfumsinc.com
INTG, https://logo.clearbit.com/intgla.com
IBKR, https://logo.clearbit.com/interactivebrokers.com
ICPT, https://logo.clearbit.com/interceptpharma.com
IBOC, https://logo.clearbit.com/ibc.com
XENT, https://logo.clearbit.com/intersectent.com
IVAC, https://logo.clearbit.com/intevac.com
ITCI, https://logo.clearbit.com/intracellulartherapies.com
IIN, https://logo.clearbit.com/intricon.com
INTU, https://logo.clearbit.com/intuit.com
ISTR, https://logo.clearbit.com/investarbank.com
ISBC, https://logo.clearbit.com/myinvestorsbank.com
ITIC, https://logo.clearbit.com/invtitle.com
IONS, https://logo.clearbit.com/ionispharma.com
IRTC, https://logo.clearbit.com/iRhythmTech.com
IRDM, https://logo.clearbit.com/iridium.com
IRWD, https://logo.clearbit.com/ironwoodpharma.com
EUFN, 'None'
ITRI, https://logo.clearbit.com/itron.com
ITRN, https://logo.clearbit.com/ituran.com
IVENC, 'None'
IVFGC, 'None'
IVFVC, 'None'
JJSF, https://logo.clearbit.com/jjsnack.com
JAX, https://logo.clearbit.com/jalexandersholdings.com
JBHT, https://logo.clearbit.com/jbhunt.com
MAYS, https://logo.clearbit.com/jwmays.com
JAKK, https://logo.clearbit.com/jakks.com
JD, https://logo.clearbit.com/jd.com
JCO, https://logo.clearbit.com/nuveen.com
JRVR, https://logo.clearbit.com/jrgh.net
JSML, 'None'
JSMD, 'None'
JBLU, https://logo.clearbit.com/jetblue.com
JCTCF, https://logo.clearbit.com/jewettcameron.com
JBSS, https://logo.clearbit.com/jbssinc.com
JOUT, https://logo.clearbit.com/johnsonoutdoors.com
JYNT, https://logo.clearbit.com/thejoint.com
JNCE, https://logo.clearbit.com/jouncetx.com
KLAC, https://logo.clearbit.com/kla.com
KALU, https://logo.clearbit.com/kaiseraluminum.com
KALV, https://logo.clearbit.com/kalvista.com
KMDA, https://logo.clearbit.com/kamada.com
KNDI, https://logo.clearbit.com/kandivehicle.com
KPTI, https://logo.clearbit.com/karyopharm.com
KFFB, https://logo.clearbit.com/ffsbky.bank
KEQU, https://logo.clearbit.com/kewaunee.com
KTCC, https://logo.clearbit.com/keytronic.com
KE, https://logo.clearbit.com/kimballelectronics.com
KBAL, https://logo.clearbit.com/kimballinternational.com
KIN, https://logo.clearbit.com/kindredbio.com
KTOV, https://logo.clearbit.com/kitovpharma.com
KOPN, https://logo.clearbit.com/kopin.com
KRNT, https://logo.clearbit.com/kornit.com
KOSS, https://logo.clearbit.com/koss.com
KHC, https://logo.clearbit.com/kraftheinzcompany.com
KWEB, 'None'
KLIC, https://logo.clearbit.com/kns.com
KURA, https://logo.clearbit.com/kuraoncology.com
FSTR, https://logo.clearbit.com/lbfoster.com
LCNB, https://logo.clearbit.com/lcnb.com
LGIH, https://logo.clearbit.com/lgihomes.com
LHCG, https://logo.clearbit.com/lhcgroup.com
LMLP, 'None'
LPLA, https://logo.clearbit.com/lpl.com
LSI, https://logo.clearbit.com/lifestorage.com
LYTS, https://logo.clearbit.com/lsi-industries.com
BOOT, https://logo.clearbit.com/bootbarn.com
LSBK, https://logo.clearbit.com/lakeshoresavings.com
LBAI, https://logo.clearbit.com/lakelandbank.com
LKFN, https://logo.clearbit.com/lakecitybank.com
LAKE, https://logo.clearbit.com/lakeland.com
LRCX, https://logo.clearbit.com/lamresearch.com
LANC, https://logo.clearbit.com/lancastercolony.com
LCA, 'None'
LMRK, https://logo.clearbit.com/landmarkmlp.com
LMRKO, 'None'
LE, https://logo.clearbit.com/landsend.com
LNTH, https://logo.clearbit.com/lantheus.com
LSCC, https://logo.clearbit.com/latticesemi.com
LAUR, https://logo.clearbit.com/laureate.net
LAWS, https://logo.clearbit.com/lawsonproducts.com
LMAT, https://logo.clearbit.com/lemaitre.com
LPTX, https://logo.clearbit.com/leaptx.com
INFR, 'None'
LVHD, 'None'
TREE, https://logo.clearbit.com/lendingtree.com
BATRA, https://logo.clearbit.com/libertymedia.com
BATRK, https://logo.clearbit.com/libertymedia.com
LBRDA, https://logo.clearbit.com/libertybroadband.com
LBRDK, https://logo.clearbit.com/libertybroadband.com
LBTYA, https://logo.clearbit.com/libertyglobal.com
LILA, https://logo.clearbit.com/lla.com
LBTYB, https://logo.clearbit.com/libertyglobal.com
LILAK, https://logo.clearbit.com/lla.com
LBTYK, https://logo.clearbit.com/libertyglobal.com
FWONK, https://logo.clearbit.com/libertymedia.com
LSXMA, https://logo.clearbit.com/libertymedia.com
LSXMB, https://logo.clearbit.com/libertymedia.com
LSXMK, https://logo.clearbit.com/libertymedia.com
LTRPA, https://logo.clearbit.com/libertytripadvisorholdings.com
LWAY, https://logo.clearbit.com/lifewaykefir.com
LMB, https://logo.clearbit.com/limbachinc.com
LLNW, https://logo.clearbit.com/limelight.com
LINC, https://logo.clearbit.com/lincolntech.edu
LIND, https://logo.clearbit.com/expeditions.com
LPCN, https://logo.clearbit.com/lipocine.com
LFUS, https://logo.clearbit.com/littelfuse.com
LIVN, https://logo.clearbit.com/livanova.com
LPSN, https://logo.clearbit.com/liveperson.com
LOGM, https://logo.clearbit.com/logmeininc.com
CNCR, 'None'
LONE, https://logo.clearbit.com/lonestarresources.com
LORL, https://logo.clearbit.com/loral.com
LULU, https://logo.clearbit.com/lululemon.com
LITE, https://logo.clearbit.com/lumentum.com
LMNX, https://logo.clearbit.com/luminexcorp.com
LUNA, https://logo.clearbit.com/lunainc.com
MTSI, https://logo.clearbit.com/macom.com
MGEE, https://logo.clearbit.com/mgeenergy.com
MNDO, https://logo.clearbit.com/mindcti.com
MKSI, https://logo.clearbit.com/mksinst.com
MMAC, https://logo.clearbit.com/mmacapitalholdings.com
MSBF, https://logo.clearbit.com/millingtonbank.com
MTSC, https://logo.clearbit.com/mts.com
MYRG, https://logo.clearbit.com/myrgroup.com
MFNC, https://logo.clearbit.com/bankmbank.com
MGNX, https://logo.clearbit.com/macrogenics.com
MDGL, https://logo.clearbit.com/madrigalpharma.com
MAGS, https://logo.clearbit.com/magalsecurity.com
MGLN, https://logo.clearbit.com/magellanhealth.com
MGIC, https://logo.clearbit.com/magicsoftware.com
MGYR, https://logo.clearbit.com/magbank.com
MHLD, https://logo.clearbit.com/maiden.bm
MMYT, https://logo.clearbit.com/makemytrip.com
MBUU, https://logo.clearbit.com/malibuboats.com
MLVF, https://logo.clearbit.com/ir.malvernbancorp.com
TUSK, https://logo.clearbit.com/mammothenergy.com
MANH, https://logo.clearbit.com/manh.com
MNTX, https://logo.clearbit.com/manitexinternational.com
MANT, https://logo.clearbit.com/mantech.com
MCHX, https://logo.clearbit.com/marchex.com
MARPS, https://logo.clearbit.com/marps-marine.com
MRNS, https://logo.clearbit.com/marinuspharma.com
MKTX, https://logo.clearbit.com/marketaxess.com
MAR, https://logo.clearbit.com/marriott.com
MBII, https://logo.clearbit.com/marronebio.com
MMLP, https://logo.clearbit.com/martinmidstream.com
MRVL, https://logo.clearbit.com/marvell.com
MASI, https://logo.clearbit.com/masimo.com
MTCH, https://logo.clearbit.com/iac.com
MTLS, https://logo.clearbit.com/materialise.com
MTRX, https://logo.clearbit.com/matrixservicecompany.com
MAT, https://logo.clearbit.com/mattel.com
MATW, https://logo.clearbit.com/matw.com
MXIM, https://logo.clearbit.com/maximintegrated.com
MFIN, https://logo.clearbit.com/medallion.com
MTBC, https://logo.clearbit.com/mtbc.com
MDWD, https://logo.clearbit.com/mediwound.com
MEDP, https://logo.clearbit.com/medpace.com
MLCO, https://logo.clearbit.com/melco-resorts.com
MLNX, 'None'
MELI, https://logo.clearbit.com/mercadolibre.com
MBWM, https://logo.clearbit.com/mercbank.com
MRCY, https://logo.clearbit.com/mrcy.com
EBSB, https://logo.clearbit.com/ebsb.com
VIVO, https://logo.clearbit.com/meridianbioscience.com
MMSI, https://logo.clearbit.com/merit.com
MRUS, https://logo.clearbit.com/merus.nl
MESO, https://logo.clearbit.com/mesoblast.com
MEOH, https://logo.clearbit.com/methanex.com
MCBI, https://logo.clearbit.com/mcb.com
MCHP, https://logo.clearbit.com/microchip.com
MU, https://logo.clearbit.com/micron.com
MSFT, https://logo.clearbit.com/microsoft.com
MPB, https://logo.clearbit.com/midpennbank.com
MBCN, https://logo.clearbit.com/middlefieldbank.bank
MSEX, https://logo.clearbit.com/middlesexwater.com
MSBI, https://logo.clearbit.com/midlandsb.com
MIME, https://logo.clearbit.com/mimecast.com
NERV, https://logo.clearbit.com/minervaneurosciences.com
MGEN, https://logo.clearbit.com/miragen.com
MRTX, https://logo.clearbit.com/mirati.com
MIND, https://logo.clearbit.com/mitchamindustries.com
MITK, https://logo.clearbit.com/miteksystems.com
MINI, 'None'
MBRX, https://logo.clearbit.com/moleculin.com
MNTA, https://logo.clearbit.com/momentapharma.com
MOMO, https://logo.clearbit.com/immomo.com
MCRI, https://logo.clearbit.com/monarchcasino.com
MPWR, https://logo.clearbit.com/monolithicpower.com
MNRO, https://logo.clearbit.com/monro.com
MRCC, https://logo.clearbit.com/monroebdc.com
MORN, https://logo.clearbit.com/morningstar.com
MPAA, https://logo.clearbit.com/motorcarparts.com
MYL, https://logo.clearbit.com/mylan.com
MYOK, https://logo.clearbit.com/myokardia.com
MYGN, https://logo.clearbit.com/myriad.com
SWTX, https://logo.clearbit.com/springworkstx.com
NBTB, https://logo.clearbit.com/nbtbancorp.com
NCSM, https://logo.clearbit.com/ncsmultistage.com
NODK, https://logo.clearbit.com/niholdingsinc.com
EGOV, https://logo.clearbit.com/egov.com
NIHD, 'None'
NMIH, https://logo.clearbit.com/nationalmi.com
NVEE, https://logo.clearbit.com/nv5.com
NVDA, https://logo.clearbit.com/nvidia.com
NBRV, https://logo.clearbit.com/nabriva.com
NSTG, https://logo.clearbit.com/nanostring.com
NH, https://logo.clearbit.com/nanthealth.com
NK, https://logo.clearbit.com/nantkwest.com
NSSC, https://logo.clearbit.com/napcosecurity.com
NDAQ, https://logo.clearbit.com/nasdaq.com
NTRA, https://logo.clearbit.com/natera.com
NKSH, https://logo.clearbit.com/nationalbankshares.com
FIZZ, https://logo.clearbit.com/nationalbeverage.com
NCOM, 'None'
NESR, https://logo.clearbit.com/nesr.com
NGHC, https://logo.clearbit.com/nationalgeneral.com
NGHCP, https://logo.clearbit.com/nationalgeneral.com
NGHCO, https://logo.clearbit.com/nationalgeneral.com
NGHCN, https://logo.clearbit.com/nationalgeneral.com
NSEC, https://logo.clearbit.com/nationalsecuritygroup.com
NWLI, https://logo.clearbit.com/nwlgi.com
NAVI, https://logo.clearbit.com/navient.com
NEOS, https://logo.clearbit.com/neostx.com
NTAP, https://logo.clearbit.com/netapp.com
NTES, https://logo.clearbit.com/ir.netease.com
NTGR, https://logo.clearbit.com/netgear.com
NETL, 'None'
NTCT, https://logo.clearbit.com/netscout.com
NLST, https://logo.clearbit.com/netlist.com
NBIX, https://logo.clearbit.com/neurocrine.com
NYMTO, https://logo.clearbit.com/nymtrust.com
NWSA, https://logo.clearbit.com/newscorp.com
NWS, https://logo.clearbit.com/newscorp.com
NXST, https://logo.clearbit.com/nexstar.tv
NICE, https://logo.clearbit.com/nice.com
NICK, https://logo.clearbit.com/nicholasfinancial.com
NCBS, https://logo.clearbit.com/nicoletbank.com
NINE, https://logo.clearbit.com/nineenergyservice.com
NDLS, https://logo.clearbit.com/noodles.com
NDSN, https://logo.clearbit.com/nordson.com
NSYS, https://logo.clearbit.com/nortechsys.com
NBN, https://logo.clearbit.com/northeastbank.com
NTRS, https://logo.clearbit.com/northerntrust.com
NFBK, https://logo.clearbit.com/enorthfield.com
NRIM, https://logo.clearbit.com/northrim.com
NWBI, https://logo.clearbit.com/northwest.bank
NWPX, https://logo.clearbit.com/nwpipe.com
NCLH, https://logo.clearbit.com/nclhltdinvestor.com
NVMI, https://logo.clearbit.com/novami.com
NOVN, https://logo.clearbit.com/novan.com
NVUS, https://logo.clearbit.com/novustherapeutics.com
NUAN, https://logo.clearbit.com/nuance.com
NYMX, https://logo.clearbit.com/nymox.com
ORLY, https://logo.clearbit.com/oreillyauto.com
OIIM, https://logo.clearbit.com/o2micro.com
ON, https://logo.clearbit.com/onsemi.com
ORBC, https://logo.clearbit.com/orbcomm.com
OSIS, https://logo.clearbit.com/osi-systems.com
OVLY, https://logo.clearbit.com/ovcb.com
OBSV, https://logo.clearbit.com/obseva.com
OFED, https://logo.clearbit.com/oconeefederal.com
OCUL, https://logo.clearbit.com/ocutx.com
OVBC, https://logo.clearbit.com/ovbc.com
OKTA, https://logo.clearbit.com/okta.com
ODFL, https://logo.clearbit.com/odfl.com
OLBK, 'None'
ONB, https://logo.clearbit.com/oldnational.com
OPOF, https://logo.clearbit.com/oldpoint.com
OLLI, https://logo.clearbit.com/ollies.us
ZEUS, https://logo.clearbit.com/olysteel.com
OFLX, https://logo.clearbit.com/omegaflexcorp.com
OMER, https://logo.clearbit.com/omeros.com
ORCC, https://logo.clearbit.com/owlrock.com
OTEX, https://logo.clearbit.com/opentext.com
OPHT, 'None'
OPK, https://logo.clearbit.com/opko.com
OPB, 'None'
ONVO, https://logo.clearbit.com/organovo.com
OESX, https://logo.clearbit.com/orionlighting.com
OFIX, https://logo.clearbit.com/orthofix.com
OTEL, https://logo.clearbit.com/otelco.com
OTIC, https://logo.clearbit.com/otonomy.com
OTTW, https://logo.clearbit.com/ottawasavings.com
OSTK, https://logo.clearbit.com/overstock.com
OVID, https://logo.clearbit.com/ovidrx.com
OXBR, https://logo.clearbit.com/oxbridgere.com
OXFD, https://logo.clearbit.com/oxfordimmunotec.com
OXLC, https://logo.clearbit.com/oxfordlanecapital.com
PCAR, https://logo.clearbit.com/paccar.com
PAVM, https://logo.clearbit.com/pavmed.com
PBBI, 'None'
PCTI, https://logo.clearbit.com/pctel.com
PDCE, https://logo.clearbit.com/pdce.com
PDFS, https://logo.clearbit.com/pdf.com
PDLI, https://logo.clearbit.com/pdl.com
PLXP, https://logo.clearbit.com/plxpharma.com
PRAH, https://logo.clearbit.com/prahs.com
PVBC, https://logo.clearbit.com/theprovidentbank.com
PTCT, https://logo.clearbit.com/ptcbio.com
PACB, https://logo.clearbit.com/pacb.com
PCRX, https://logo.clearbit.com/pacira.com
PTIE, 'None'
PAAS, https://logo.clearbit.com/panamericansilver.com
PZZA, https://logo.clearbit.com/papajohns.com
PRTK, https://logo.clearbit.com/paratekpharma.com
PKOH, https://logo.clearbit.com/pkoh.com
PTNR, https://logo.clearbit.com/partner.co.il
PBHC, https://logo.clearbit.com/pathfinderbank.com
PATK, https://logo.clearbit.com/patrickind.com
PEGI, 'None'
PDCO, https://logo.clearbit.com/pattersoncompanies.com
PAYX, https://logo.clearbit.com/paychex.com
PCTY, https://logo.clearbit.com/paylocity.com
PYPL, https://logo.clearbit.com/paypal.com
PGC, https://logo.clearbit.com/pgbank.com
PEGA, https://logo.clearbit.com/pega.com
PENN, https://logo.clearbit.com/pngaming.com
PVAC, https://logo.clearbit.com/pennvirginia.com
PNNT, https://logo.clearbit.com/pennantpark.com
PFLT, https://logo.clearbit.com/pennantpark.com
PWOD, https://logo.clearbit.com/pwod.com
PBCT, https://logo.clearbit.com/peoples.com
PBCTP, https://logo.clearbit.com/peoples.com
PEBO, https://logo.clearbit.com/peoplesbancorp.com
PFBX, https://logo.clearbit.com/thepeoples.com
PUB, 'None'
PRCP, https://logo.clearbit.com/perceptron.com
PRFT, https://logo.clearbit.com/perficient.com
PAHC, https://logo.clearbit.com/pahc.com
PLAB, https://logo.clearbit.com/photronics.com
PIRS, https://logo.clearbit.com/pieris.com
PPC, https://logo.clearbit.com/pilgrims.com
PME, https://logo.clearbit.com/ptmarine.com
PNFP, https://logo.clearbit.com/pnfp.com
PLYA, https://logo.clearbit.com/playaresorts.com
PLXS, https://logo.clearbit.com/plexus.com
PLBC, https://logo.clearbit.com/plumasbank.com
POLA, https://logo.clearbit.com/polarpower.com
POOL, https://logo.clearbit.com/poolcorp.com
POPE, 'None'
PTLA, 'None'
PBPB, https://logo.clearbit.com/potbelly.com
POWL, https://logo.clearbit.com/powellind.com
POWI, https://logo.clearbit.com/power.com
PKW, 'None'
PLW, 'None'
LALT, 'None'
PIE, 'None'
DWAS, 'None'
DWIN, 'None'
DWTR, 'None'
PFM, 'None'
PEZ, 'None'
PSL, 'None'
PXI, 'None'
PFI, 'None'
PTH, 'None'
PRN, 'None'
DWAQ, 'None'
PTF, 'None'
PSTL, https://logo.clearbit.com/postalrealtytrust.com
KBWY, 'None'
KBWP, 'None'
KBWD, 'None'
LDRI, 'None'
IPKW, 'None'
IDLB, 'None'
PRFZ, 'None'
PGJ, 'None'
PIO, 'None'
PEY, 'None'
PID, 'None'
KBWB, 'None'
KBWR, 'None'
QQQ, 'None'
USLB, 'None'
PSCM, 'None'
PSCE, 'None'
PSCF, 'None'
PSCI, 'None'
PSCT, 'None'
PSCD, 'None'
PSCC, 'None'
VRIG, 'None'
PIZ, 'None'
PHO, 'None'
PRAA, https://logo.clearbit.com/pragroup.com
PLPC, https://logo.clearbit.com/preformed.com
PFBI, https://logo.clearbit.com/premierbankinc.com
PINC, https://logo.clearbit.com/premierinc.com
PSMT, https://logo.clearbit.com/pricesmart.com
PRIM, https://logo.clearbit.com/primoriscorp.com
BTEC, 'None'
GENY, 'None'
PRPH, https://logo.clearbit.com/prophaselabs.com
PRQR, https://logo.clearbit.com/proqr.com
SQQQ, 'None'
BIB, 'None'
TQQQ, 'None'
ZBIO, 'None'
BIS, 'None'
PFIE, https://logo.clearbit.com/profireenergy.com
PGNX, 'None'
PRGS, https://logo.clearbit.com/progress.com
PFPT, https://logo.clearbit.com/proofpoint.com
UBIO, 'None'
PSEC, https://logo.clearbit.com/prospectstreet.com
PTGX, https://logo.clearbit.com/protagonist-inc.com
PTI, https://logo.clearbit.com/proteostasis.com
PRTA, https://logo.clearbit.com/prothena.com
PROV, https://logo.clearbit.com/myprovident.com
PBIP, https://logo.clearbit.com/psbanker.com
PLSE, https://logo.clearbit.com/pulsebiosciences.com
PBYI, https://logo.clearbit.com/pumabiotechnology.com
SNLN, 'None'
PXS, https://logo.clearbit.com/pyxistankers.com
QADA, https://logo.clearbit.com/qad.com
QADB, https://logo.clearbit.com/qad.com
QCRH, 'None'
QCOM, https://logo.clearbit.com/qualcomm.com
QRVO, https://logo.clearbit.com/qorvo.com
QLYS, https://logo.clearbit.com/qualys.com
QTRH, 'None'
QNST, https://logo.clearbit.com/quinstreet.com
QUMU, https://logo.clearbit.com/qumu.com
QTNT, https://logo.clearbit.com/quotientbd.com
ROLL, https://logo.clearbit.com/rbcbearings.com
RICK, https://logo.clearbit.com/rcihospitality.com
RGCO, https://logo.clearbit.com/rgcresources.com
RMR, https://logo.clearbit.com/rmrgroup.com
RTIX, https://logo.clearbit.com/rtix.com
RDUS, https://logo.clearbit.com/radiuspharm.com
RDWR, https://logo.clearbit.com/radware.com
RMBS, https://logo.clearbit.com/rambus.com
RNDB, https://logo.clearbit.com/randolphbancorp.com
RPD, https://logo.clearbit.com/rapid7.com
RP, https://logo.clearbit.com/realpage.com
RETA, https://logo.clearbit.com/reatapharma.com
REPH, https://logo.clearbit.com/recropharma.com
RRR, https://logo.clearbit.com/redrockresorts.com
RDHL, https://logo.clearbit.com/redhillbio.com
REGN, https://logo.clearbit.com/regeneron.com
RGNX, https://logo.clearbit.com/regenxbio.com
REGI, https://logo.clearbit.com/regi.com
RCII, https://logo.clearbit.com/rentacenter.com
RGEN, https://logo.clearbit.com/repligen.com
RBCAA, https://logo.clearbit.com/republicbank.com
REFR, https://logo.clearbit.com/smartglass.com
RESN, https://logo.clearbit.com/resonant.com
RECN, 'None'
RVNC, https://logo.clearbit.com/revance.com
RELL, https://logo.clearbit.com/rell.com
RNET, https://logo.clearbit.com/rig.net
RMI, 'None'
RMTI, https://logo.clearbit.com/rockwellmed.com
RCKY, https://logo.clearbit.com/rockybrands.com
ROSE, https://logo.clearbit.com/rosehillresources.com
ROST, https://logo.clearbit.com/rossstores.com
RGLD, https://logo.clearbit.com/royalgold.com
RUSHA, https://logo.clearbit.com/rushenterprises.com
RUTH, https://logo.clearbit.com/rhgi.com
STBA, https://logo.clearbit.com/stbancorp.com
EMIF, 'None'
SAGE, https://logo.clearbit.com/sagerx.com
SCYX, https://logo.clearbit.com/scynexis.com
SEIC, https://logo.clearbit.com/seic.com
SINA, https://logo.clearbit.com/sina.com
SLM, https://logo.clearbit.com/salliemae.com
SLMBP, https://logo.clearbit.com/salliemae.com
SP, https://logo.clearbit.com/spplus.com
DWFI, 'None'
SPSC, https://logo.clearbit.com/spscommerce.com
SSNC, https://logo.clearbit.com/ssctech.com
SBRA, https://logo.clearbit.com/sabrahealth.com
SABR, https://logo.clearbit.com/sabre.com
SAFT, https://logo.clearbit.com/safetyinsurance.com
SAIA, https://logo.clearbit.com/saia.com
SALM, https://logo.clearbit.com/salemmedia.com
SAL, https://logo.clearbit.com/salisburybank.com
SAFM, https://logo.clearbit.com/sandersonfarms.com
SASR, https://logo.clearbit.com/sandyspringbank.com
SGMO, https://logo.clearbit.com/sangamo.com
SPNS, https://logo.clearbit.com/sapiens.com
SVRA, https://logo.clearbit.com/savarapharma.com
SCSC, https://logo.clearbit.com/scansource.com
SCHN, https://logo.clearbit.com/schnitzersteel.com
SEAC, https://logo.clearbit.com/seachange.com
SPNE, https://logo.clearbit.com/seaspine.com
SGEN, https://logo.clearbit.com/seattlegenetics.com
SCWX, https://logo.clearbit.com/secureworks.com
SNFCA, https://logo.clearbit.com/securitynational.com
SELB, https://logo.clearbit.com/selectabio.com
SIGI, https://logo.clearbit.com/selective.com
SMTC, https://logo.clearbit.com/semtech.com
SENEA, https://logo.clearbit.com/senecafoods.com
MCRB, https://logo.clearbit.com/serestherapeutics.com
SREV, https://logo.clearbit.com/servicesource.com
SFBS, https://logo.clearbit.com/servisfirstbank.com
SVBI, https://logo.clearbit.com/severnbank.com
SMED, https://logo.clearbit.com/sharpsinc.com
SHEN, https://logo.clearbit.com/shentel.com
SHLO, https://logo.clearbit.com/shiloh.com
TYHT, https://logo.clearbit.com/tianyiluobuma.com
SCVL, https://logo.clearbit.com/shoecarnival.com
SSTI, https://logo.clearbit.com/shotspotter.com
SWIR, https://logo.clearbit.com/sierrawireless.com
SIGM, https://logo.clearbit.com/sigmadesigns.com
SGMA, https://logo.clearbit.com/sigmatronintl.com
SBNY, https://logo.clearbit.com/signatureny.com
SLGN, https://logo.clearbit.com/silganholdings.com
SILC, https://logo.clearbit.com/silicom-usa.com
SLAB, https://logo.clearbit.com/silabs.com
SIMO, https://logo.clearbit.com/siliconmotion.com
SAMG, https://logo.clearbit.com/silvercrestgroup.com
SFNC, https://logo.clearbit.com/simmonsbank.com
SMPL, https://logo.clearbit.com/thesimplygoodfoodscompany.com
SLP, https://logo.clearbit.com/simulations-plus.com
SBGI, https://logo.clearbit.com/sbgi.net
SVA, https://logo.clearbit.com/sinovacbio.com
SIRI, https://logo.clearbit.com/siriusxm.com
SKYW, https://logo.clearbit.com/inc.skywest.com
SWKS, https://logo.clearbit.com/skyworksinc.com
SGH, https://logo.clearbit.com/smartm.com
SND, https://logo.clearbit.com/smartsand.com
SPRO, https://logo.clearbit.com/sperotherapeutics.com
SRAX, https://logo.clearbit.com/srax.com
SOHU, https://logo.clearbit.com/sohu.com
SLRC, https://logo.clearbit.com/solarcapltd.com
SUNS, https://logo.clearbit.com/solarseniorcap.com
SCTY, https://logo.clearbit.com/brinkshome.com
SEDG, https://logo.clearbit.com/solaredge.com
SOHOB, https://logo.clearbit.com/sotherlyhotels.com
SFBC, https://logo.clearbit.com/soundcb.com
SMBC, https://logo.clearbit.com/bankwithsouthern.com
SONA, https://logo.clearbit.com/sonabank.com
SBSI, https://logo.clearbit.com/southside.com
SPKE, https://logo.clearbit.com/sparkenergy.com
SPAR, 'None'
SAVE, https://logo.clearbit.com/spirit.com
SPLK, https://logo.clearbit.com/splunk.com
SPOK, https://logo.clearbit.com/spok.com
SPWH, https://logo.clearbit.com/sportsmans.com
SBPH, https://logo.clearbit.com/springbankpharm.com
SFM, https://logo.clearbit.com/sprouts.com
STLY, https://logo.clearbit.com/hgholdingsinc.net
SBUX, https://logo.clearbit.com/starbucks.com
GASS, https://logo.clearbit.com/stealthgas.com
SMRT, https://logo.clearbit.com/steinmart.com
SRCL, https://logo.clearbit.com/stericycle.com
STSA, https://logo.clearbit.com/satsumarx.com
SHOO, https://logo.clearbit.com/stevemadden.com
BANX, https://logo.clearbit.com/stonecastle-financial.com
SSYS, https://logo.clearbit.com/stratasys.com
STRT, https://logo.clearbit.com/strattec.com
STRA, https://logo.clearbit.com/strategiceducation.com
SBBP, https://logo.clearbit.com/strongbridgebio.com
SSBI, https://logo.clearbit.com/summitstatebank.com
SMMT, https://logo.clearbit.com/summitplc.com
SPWR, https://logo.clearbit.com/us.sunpower.com
SNDE, https://logo.clearbit.com/sundanceenergy.net
RUN, https://logo.clearbit.com/sunrun.com
SMCI, https://logo.clearbit.com/supermicro.com
SPMD, 'None'
SGC, https://logo.clearbit.com/superiorgroupofcompanies.com
SUPN, https://logo.clearbit.com/supernus.com
SRDX, https://logo.clearbit.com/surmodics.com
SGRY, https://logo.clearbit.com/surgerypartners.com
SBBX, https://logo.clearbit.com/sbone.bank
SYKE, https://logo.clearbit.com/sykes.com
SYNC, https://logo.clearbit.com/synacor.com
SYNL, https://logo.clearbit.com/synalloy.com
SYNA, https://logo.clearbit.com/synaptics.com
SNCR, https://logo.clearbit.com/synchronoss.com
SNDX, https://logo.clearbit.com/syndax.com
SNPS, https://logo.clearbit.com/synopsys.com
TMUS, https://logo.clearbit.com/t-mobile.com
TROW, https://logo.clearbit.com/troweprice.com
CGBD, https://logo.clearbit.com/carlyle.co.in
TCPC, https://logo.clearbit.com/tcpcapital.com
TESS, https://logo.clearbit.com/tessco.com
TCRD, https://logo.clearbit.com/thlcredit.com
TTMI, https://logo.clearbit.com/ttm.com
TRHC, https://logo.clearbit.com/tabularasahealthcare.com
TAIT, https://logo.clearbit.com/taitroncomponents.com
TTWO, https://logo.clearbit.com/take2games.com
TANH, https://logo.clearbit.com/tantech.cn
TEDU, https://logo.clearbit.com/ir.tedu.cn
TAYD, https://logo.clearbit.com/taylordevices.com
TECD, 'None'
TTGT, https://logo.clearbit.com/techtarget.com
TCCO, https://logo.clearbit.com/tccsecure.com
TGEN, https://logo.clearbit.com/tecogen.com
TNAV, https://logo.clearbit.com/telenav.com
TELL, https://logo.clearbit.com/tellurianinc.com
WRLS, 'None'
TBNK, https://logo.clearbit.com/territorialsavings.net
TSLA, https://logo.clearbit.com/tesla.com
TTEK, https://logo.clearbit.com/tetratech.com
TCBI, https://logo.clearbit.com/texascapitalbank.com
TXN, https://logo.clearbit.com/ti.com
TXRH, https://logo.clearbit.com/texasroadhouse.com
CG, https://logo.clearbit.com/carlyle.com
ENSG, https://logo.clearbit.com/ensigngroup.net
SLIM, 'None'
ORG, 'None'
TBPH, https://logo.clearbit.com/theravance.com
TTS, 'None'
TSBK, https://logo.clearbit.com/timberlandbank.com
TITN, https://logo.clearbit.com/titanmachinery.com
TOCA, 'None'
TW, https://logo.clearbit.com/tradeweb.com
CLUB, https://logo.clearbit.com/townsportsinternational.com
TSCO, https://logo.clearbit.com/tractorsupply.com
TRNS, https://logo.clearbit.com/transcat.com
TRVN, https://logo.clearbit.com/trevena.com
TCBK, https://logo.clearbit.com/tcbk.com
TRS, https://logo.clearbit.com/trimascorp.com
TRMB, https://logo.clearbit.com/trimble.com
TRIP, https://logo.clearbit.com/tripadvisor.com
TSC, https://logo.clearbit.com/tristatecapitalbank.com
TRVG, https://logo.clearbit.com/trivago.de
TRUE, https://logo.clearbit.com/truecar.com
THST, https://logo.clearbit.com/truetthurstinc.com
TRUP, https://logo.clearbit.com/trupanion.com
TRST, https://logo.clearbit.com/trustcobank.com
TUES, 'None'
TOUR, https://logo.clearbit.com/tuniu.com
FOX, https://logo.clearbit.com/foxcorporation.com
FOXA, https://logo.clearbit.com/foxcorporation.com
PRTS, https://logo.clearbit.com/usautoparts.net
GROW, https://logo.clearbit.com/usfunds.com
UFPT, https://logo.clearbit.com/ufpt.com
UMBF, https://logo.clearbit.com/umb.com
USCR, https://logo.clearbit.com/us-concrete.com
USAK, https://logo.clearbit.com/usa-truck.com
ULTA, https://logo.clearbit.com/ulta.com
UCTT, https://logo.clearbit.com/uct.com
RARE, https://logo.clearbit.com/ultragenyx.com
UNB, https://logo.clearbit.com/ublocal.com
QURE, https://logo.clearbit.com/uniqure.com
UBCP, https://logo.clearbit.com/unitedbancorp.com
UBOH, https://logo.clearbit.com/theubank.com
UBSI, https://logo.clearbit.com/ubsi-inc.com
UCFC, 'None'
UIHC, https://logo.clearbit.com/upcinsurance.com
UNFI, https://logo.clearbit.com/unfi.com
UTHR, https://logo.clearbit.com/unither.com
UG, https://logo.clearbit.com/u-g.com
UNTY, https://logo.clearbit.com/unitybank.com
OLED, https://logo.clearbit.com/oled.com
UEIC, https://logo.clearbit.com/uei.com
UFPI, https://logo.clearbit.com/ufpi.com
ULH, https://logo.clearbit.com/universallogistics.com
USAP, https://logo.clearbit.com/univstainless.com
UVSP, https://logo.clearbit.com/univest.net
URBN, https://logo.clearbit.com/urbn.com
UTMD, https://logo.clearbit.com/utahmed.com
VEON, https://logo.clearbit.com/veon.com
VSEC, https://logo.clearbit.com/vsecorp.com
VALU, https://logo.clearbit.com/valueline.com
BBH, 'None'
PPH, 'None'
VTIP, 'None'
BNDX, 'None'
VCIT, 'None'
VIGI, 'None'
VNQI, 'None'
VYMI, 'None'
VGIT, 'None'
VGLT, 'None'
VCLT, 'None'
VTWV, 'None'
VTWG, 'None'
VTHR, 'None'
VONV, 'None'
VONG, 'None'
VTWO, 'None'
VCSH, 'None'
VGSH, 'None'
VXUS, 'None'
VWOB, 'None'
VEAC, 'None'
VREX, https://logo.clearbit.com/vareximaging.com
VRNS, https://logo.clearbit.com/varonis.com
VBLT, https://logo.clearbit.com/vblrx.com
VECO, https://logo.clearbit.com/veeco.com
VCYT, https://logo.clearbit.com/veracyte.com
VSTM, https://logo.clearbit.com/verastem.com
VRNT, https://logo.clearbit.com/verint.com
VRSN, https://logo.clearbit.com/verisign.com
VRSK, https://logo.clearbit.com/verisk.com
VERI, https://logo.clearbit.com/veritone.com
VRML, 'None'
VRNA, https://logo.clearbit.com/veronapharma.com
VTNR, https://logo.clearbit.com/vertexenergy.com
VRTX, https://logo.clearbit.com/vrtx.com
VICR, https://logo.clearbit.com/vicorpower.com
VSDA, 'None'
CEZ, 'None'
CID, 'None'
CIL, 'None'
CDC, 'None'
CDL, 'None'
CSB, 'None'
CSA, 'None'
VUSE, 'None'
VKTX, https://logo.clearbit.com/vikingtherapeutics.com
VNOM, https://logo.clearbit.com/viperenergy.com
VIRC, https://logo.clearbit.com/virco.com
VIRT, https://logo.clearbit.com/virtu.com
VRTS, https://logo.clearbit.com/virtus.com
VRTSP, 'None'
VRTU, https://logo.clearbit.com/virtusa.com
VIST, https://logo.clearbit.com/vistaoilandgas.com
VYGR, https://logo.clearbit.com/voyagertherapeutics.com
WDFC, https://logo.clearbit.com/wd40company.com
WVFC, https://logo.clearbit.com/wvsbank.com
WBA, https://logo.clearbit.com/walgreensbootsalliance.com
WAFD, https://logo.clearbit.com/wafdbank.com
WASH, https://logo.clearbit.com/washtrust.com
WVE, https://logo.clearbit.com/wavelifesciences.com
WB, https://logo.clearbit.com/ir.weibo.com
WEBK, 'None'
WERN, https://logo.clearbit.com/werner.com
WSBC, https://logo.clearbit.com/wesbanco.com
WTBA, https://logo.clearbit.com/westbankstrong.com
WDC, https://logo.clearbit.com/westerndigital.com
WNEB, https://logo.clearbit.com/westfieldbank.com
WEYS, https://logo.clearbit.com/weycogroup.com
WHLRP, https://logo.clearbit.com/whlr.us
WHLRD, https://logo.clearbit.com/whlr.us
WHF, https://logo.clearbit.com/whitehorsefinance.com
WVVI, https://logo.clearbit.com/wvv.com
WLDN, https://logo.clearbit.com/willdan.com
WLFC, https://logo.clearbit.com/willislease.com
WING, https://logo.clearbit.com/wingstop.com
WINS, https://logo.clearbit.com/winsholdings.com
WTFC, https://logo.clearbit.com/wintrust.com
WTFCM, https://logo.clearbit.com/wintrust.com
DXGE, 'None'
CXSE, 'None'
GULF, 'None'
AGND, 'None'
HYZD, 'None'
DGRW, 'None'
DXJS, 'None'
EMCG, 'None'
DGRS, 'None'
AGZD, 'None'
WIX, https://logo.clearbit.com/wix.com
WWD, https://logo.clearbit.com/woodward.com
WRLD, https://logo.clearbit.com/loansbyworld.com
WMGI, https://logo.clearbit.com/wright.com
XBIT, https://logo.clearbit.com/xbiotech.com
XNCR, https://logo.clearbit.com/xencor.com
XLNX, https://logo.clearbit.com/xilinx.com
XNET, https://logo.clearbit.com/xunlei.com
YY, https://logo.clearbit.com/huanju.cn
YNDX, https://logo.clearbit.com/ir.yandex.com
YORW, https://logo.clearbit.com/yorkwater.com
ZBRA, https://logo.clearbit.com/zebra.com
Z, https://logo.clearbit.com/zillowgroup.com
ZG, https://logo.clearbit.com/zillowgroup.com
ZN, https://logo.clearbit.com/zionoil.com
ZION, https://logo.clearbit.com/zionsbancorporation.com
ZUMZ, https://logo.clearbit.com/zumiez.com
ZYNE, https://logo.clearbit.com/zynerba.com
ZNGA, https://logo.clearbit.com/zynga.com
ARGX, https://logo.clearbit.com/argenx.com
BLUE, https://logo.clearbit.com/bluebirdbio.com
EBAY, https://logo.clearbit.com/ebayinc.com
DIET, 'None'
EHTH, https://logo.clearbit.com/ehealthinsurance.com
PLUS, https://logo.clearbit.com/eplus.com
IFMK, https://logo.clearbit.com/ifreshmarket.com
IRBT, https://logo.clearbit.com/irobot.com
SLQD, 'None'
TLT, 'None'
IFEU, 'None'
IFGL, 'None'
FALN, 'None'
EEMA, 'None'
ACWI, 'None'
ACWX, 'None'
EWZS, 'None'
MCHI, 'None'
AAXJ, 'None'
ESGD, 'None'
SCZ, 'None'
IEUS, 'None'
ENZL, 'None'
JKI, 'None'
IBB, 'None'
AIA, 'None'
ICLN, 'None'
IGF, 'None'
WOOD, 'None'
INDY, 'None'
SOXX, 'None'
ISHG, 'None'
IGOV, 'None'
UAE, 'None'
IXUS, 'None'
QAT, 'None'
GNMA, 'None'
COMT, 'None'
HYXE, 'None'
ICLK, https://logo.clearbit.com/i-click.com
VTVT, https://logo.clearbit.com/vtvtherapeutics.com